{"cameraMode":{"drawMode":0,"name":"Shaded","section":"Shading Mode"},"sceneLighting":false,"audioPlay":false,"sceneViewState":{"m_AlwaysRefresh":false,"showFog":true,"showSkybox":false,"showFlares":true,"showImageEffects":true,"showParticleSystems":true,"showVisualEffectGraphs":true,"m_FxEnabled":true},"in2DMode":false,"pivot":{"x":-2.9752659797668459,"y":0.8986151814460754,"z":-7.446041107177734},"rotation":{"x":-0.31395143270492556,"y":0.16213861107826234,"z":0.054505832493305209,"w":0.9339055418968201},"size":0.023976515978574754,"orthographic":false}