{"cameraMode":{"drawMode":0,"name":"Shaded","section":"Shading Mode"},"sceneLighting":false,"audioPlay":false,"sceneViewState":{"m_AlwaysRefresh":false,"showFog":true,"showSkybox":false,"showFlares":true,"showImageEffects":true,"showParticleSystems":true,"showVisualEffectGraphs":true,"m_FxEnabled":true},"in2DMode":false,"pivot":{"x":0.9440000057220459,"y":1.1450002193450928,"z":-0.02499997615814209},"rotation":{"x":0.11657945811748505,"y":-0.8669984340667725,"z":0.24023805558681489,"w":0.4207252860069275},"size":0.8660253882408142,"orthographic":false}