{"cameraMode":{"drawMode":0,"name":"Shaded","section":"Shading Mode"},"sceneLighting":false,"audioPlay":false,"sceneViewState":{"m_AlwaysRefresh":false,"showFog":true,"showSkybox":false,"showFlares":true,"showImageEffects":true,"showParticleSystems":true,"showVisualEffectGraphs":true,"m_FxEnabled":true},"in2DMode":false,"pivot":{"x":-0.3121175765991211,"y":0.6472288370132446,"z":-0.8877261877059937},"rotation":{"x":0.03917510062456131,"y":-0.9444007277488709,"z":0.3027240037918091,"w":0.12221592664718628},"size":1.005807876586914,"orthographic":false}