{"cameraMode":{"drawMode":0,"name":"Shaded","section":"Shading Mode"},"sceneLighting":false,"audioPlay":false,"sceneViewState":{"m_AlwaysRefresh":false,"showFog":true,"showSkybox":false,"showFlares":true,"showImageEffects":true,"showParticleSystems":true,"showVisualEffectGraphs":true,"m_FxEnabled":true},"in2DMode":false,"pivot":{"x":2.541248321533203,"y":-0.1528586596250534,"z":-1.7771358489990235},"rotation":{"x":-0.014727254398167134,"y":0.18962012231349946,"z":0.002844366943463683,"w":0.9817450642585754},"size":1.431297779083252,"orthographic":false}