{"cameraMode":{"drawMode":0,"name":"Shaded","section":"Shading Mode"},"sceneLighting":false,"audioPlay":false,"sceneViewState":{"m_AlwaysRefresh":false,"showFog":true,"showSkybox":false,"showFlares":true,"showImageEffects":true,"showParticleSystems":true,"showVisualEffectGraphs":true,"m_FxEnabled":true},"in2DMode":false,"pivot":{"x":-3.1308038234710695,"y":0.7032428979873657,"z":-1.6211845874786378},"rotation":{"x":0.19192175567150117,"y":-0.3466993570327759,"z":0.07270047068595886,"w":0.9152504801750183},"size":2.034224271774292,"orthographic":false}