{"cameraMode":{"drawMode":0,"name":"Shaded","section":"Shading Mode"},"sceneLighting":true,"audioPlay":false,"sceneViewState":{"m_AlwaysRefresh":false,"showFog":true,"showSkybox":true,"showFlares":true,"showImageEffects":true,"showParticleSystems":true,"showVisualEffectGraphs":true,"m_FxEnabled":true},"in2DMode":false,"pivot":{"x":3.3807692527770998,"y":1.9729814529418946,"z":-3.4000000953674318},"rotation":{"x":-0.04670262709259987,"y":0.061989620327949527,"z":-0.0029032027814537288,"w":-0.9969816207885742},"size":5.551117897033691,"orthographic":false}