{"cameraMode":{"drawMode":0,"name":"Shaded","section":"Shading Mode"},"sceneLighting":true,"audioPlay":false,"sceneViewState":{"m_AlwaysRefresh":false,"showFog":true,"showSkybox":true,"showFlares":true,"showImageEffects":true,"showParticleSystems":true,"showVisualEffectGraphs":true,"m_FxEnabled":true},"in2DMode":false,"pivot":{"x":-2.2899999618530275,"y":-2.9600000381469728,"z":-3.2699999809265138},"rotation":{"x":0.25167420506477358,"y":-0.04556391015648842,"z":0.011862652376294136,"w":0.9666672348976135},"size":5.73612117767334,"orthographic":false}